,platform,read_queries,write_queries,other_queries,total_queries,transactions,latency_min,latency_max,latency_avg,time_total
0,gvisor,70850,0,14170,85020,7085,18.24,54.89,28.24,20.0291
1,gvisor,72380,0,14476,86856,7238,29.81,98.33,55.33,20.0598
2,gvisor,72820,0,14564,87384,7282,40.75,142.28,82.55,20.1032
3,gvisor,72700,0,14540,87240,7270,49.7,186.56,110.28,20.1326
4,gvisor,72310,0,14462,86772,7231,64.81,248.02,138.8,20.2162
5,gvisor,71440,0,14288,85728,7144,80.91,312.73,168.46,20.2271
6,gvisor,71040,0,14208,85248,7104,89.26,350.93,197.83,20.2761
7,gvisor,70000,0,14000,84000,7000,18.26,52.06,28.59,20.0263
8,gvisor,71600,0,14320,85920,7160,29.58,96.58,55.91,20.0529
9,gvisor,70960,0,14192,85152,7096,45.33,150.64,84.72,20.1019
10,gvisor,71940,0,14388,86328,7194,52.62,184.3,111.45,20.1389
11,gvisor,71070,0,14214,85284,7107,59.92,242.85,141.11,20.1903
12,gvisor,71620,0,14324,85944,7162,78.38,270.36,168.08,20.2303
13,gvisor,71150,0,14230,85380,7115,61.14,314.8,197.45,20.2719
14,gvisor,69710,0,13942,83652,6971,17.29,54.9,28.7,20.0234
15,gvisor,71330,0,14266,85596,7133,26.14,102.48,56.14,20.0593
16,gvisor,71260,0,14252,85512,7126,42.18,144.98,84.32,20.0945
17,gvisor,71690,0,14338,86028,7169,52.66,181.68,111.82,20.142
18,gvisor,71590,0,14318,85908,7159,67.31,248.72,140.11,20.1974
19,gvisor,70930,0,14186,85116,7093,74.77,299.49,169.75,20.2304
20,gvisor,70690,0,14138,84828,7069,88.53,343.14,198.81,20.2879
21,gvisor,69880,0,13976,83856,6988,18.16,53.98,28.63,20.0237
22,gvisor,71050,0,14210,85260,7105,29.95,105.53,56.35,20.053
23,gvisor,71080,0,14216,85296,7108,40.38,137.86,84.63,20.1195
24,gvisor,71320,0,14264,85584,7132,58.97,199.13,112.44,20.143
25,gvisor,71150,0,14230,85380,7115,59.05,249.24,140.96,20.1896
26,gvisor,70850,0,14170,85020,7085,80.01,301.08,170.01,20.2427
27,gvisor,70840,0,14168,85008,7084,86.72,339.64,198.42,20.2778
28,gvisor,70200,0,14040,84240,7020,18.15,59.27,28.51,20.0279
29,gvisor,70940,0,14188,85128,7094,26.33,95.45,56.44,20.052
30,gvisor,71590,0,14318,85908,7159,43.87,145.21,83.98,20.1071
31,gvisor,71770,0,14354,86124,7177,56.48,179.51,111.69,20.1376
32,gvisor,71070,0,14214,85284,7107,58.4,232.49,141.06,20.1904
33,gvisor,70820,0,14164,84984,7082,67.58,297.99,170.0,20.2378
34,gvisor,70570,0,14114,84684,7057,88.42,340.18,199.11,20.2741
35,gvisor,69840,0,13968,83808,6984,18.87,56.42,28.65,20.0257
36,gvisor,71800,0,14360,86160,7180,28.06,98.37,55.76,20.0537
37,gvisor,71300,0,14260,85560,7130,44.96,151.39,84.3,20.1001
38,gvisor,71230,0,14246,85476,7123,52.78,189.54,112.53,20.1429
39,gvisor,70720,0,14144,84864,7072,70.97,239.54,141.84,20.1983
40,gvisor,70560,0,14112,84672,7056,74.05,274.79,170.55,20.2267
41,gvisor,70670,0,14134,84804,7067,85.01,326.25,198.76,20.2685
42,gvisor,69350,0,13870,83220,6935,16.78,51.99,28.87,20.0326
43,gvisor,71520,0,14304,85824,7152,30.98,95.12,55.99,20.0518
44,gvisor,71120,0,14224,85344,7112,37.35,138.38,84.49,20.0955
45,gvisor,70400,0,14080,84480,7040,55.79,184.88,113.97,20.1554
46,gvisor,70930,0,14186,85116,7093,52.79,230.67,141.37,20.1924
47,gvisor,70820,0,14164,84984,7082,75.92,287.55,170.06,20.2536
48,gvisor,70570,0,14114,84684,7057,68.83,324.33,199.05,20.2723
49,gvisor,69300,0,13860,83160,6930,17.84,54.03,28.88,20.0286
50,gvisor,71000,0,14200,85200,7100,28.19,97.65,56.41,20.0568
51,gvisor,70860,0,14172,85032,7086,36.73,150.61,84.79,20.0908
52,gvisor,70550,0,14110,84660,7055,59.56,196.24,113.65,20.1367
53,gvisor,70840,0,14168,85008,7084,64.93,240.24,141.63,20.1977
54,gvisor,70760,0,14152,84912,7076,76.71,296.63,170.23,20.2479
55,gvisor,70810,0,14162,84972,7081,74.73,337.88,198.52,20.2755
56,gvisor,69360,0,13872,83232,6936,18.51,56.76,28.85,20.0235
57,gvisor,70660,0,14132,84792,7066,31.19,96.2,56.67,20.0537
58,gvisor,71240,0,14248,85488,7124,44.31,138.43,84.34,20.1012
59,gvisor,70460,0,14092,84552,7046,57.5,191.03,113.78,20.1411
60,gvisor,70480,0,14096,84576,7048,66.91,235.71,142.33,20.1957
61,gvisor,70940,0,14188,85128,7094,80.11,288.77,169.69,20.2285
62,gvisor,70930,0,14186,85116,7093,69.41,318.4,198.29,20.2904
63,gvisor,69860,0,13972,83832,6986,17.9,51.91,28.64,20.0221
64,gvisor,70810,0,14162,84972,7081,28.63,104.79,56.54,20.0539
65,gvisor,71420,0,14284,85704,7142,39.84,144.22,84.12,20.0874
66,gvisor,70890,0,14178,85068,7089,60.08,186.47,113.13,20.1434
67,gvisor,70840,0,14168,85008,7084,65.34,229.96,141.52,20.1752
68,gvisor,70520,0,14104,84624,7052,72.89,283.33,170.73,20.233
69,gvisor,70250,0,14050,84300,7025,56.23,337.8,200.16,20.291
70,gvisor,18150,7260,3630,29040,1815,48.39,291.45,110.28,20.0433
71,gvisor,17180,6872,3436,27488,1718,53.13,909.95,235.39,20.3933
72,gvisor,10840,4336,2168,17344,1084,44.75,2417.86,565.18,20.6807
73,gvisor,10610,4244,2122,16976,1061,54.02,2717.87,770.35,20.7387
74,gvisor,10930,4372,2186,17488,1093,38.81,6153.27,929.03,20.5645
75,gvisor,11500,4539,2361,18400,1150,46.92,5670.39,1063.26,20.8131
76,gvisor,10520,4208,2104,16832,1052,45.58,7477.59,1366.64,20.8783
77,gvisor,7450,2980,1490,11920,745,69.38,904.59,269.75,20.1564
78,gvisor,11380,4552,2276,18208,1138,38.52,1413.78,353.89,20.3009
79,gvisor,12160,4864,2432,19456,1216,33.61,1956.63,501.85,20.6295
80,gvisor,11560,4624,2312,18496,1156,44.82,3569.16,700.99,20.577
81,gvisor,11130,4452,2226,17808,1113,43.03,3457.76,925.49,20.8794
82,gvisor,11510,4604,2302,18416,1151,43.24,4963.46,1067.48,20.8538
83,gvisor,11000,4400,2200,17600,1100,45.57,6744.48,1303.12,20.8575
84,gvisor,7990,3196,1598,12784,799,49.66,886.01,251.34,20.1199
85,gvisor,12040,4816,2408,19264,1204,48.79,1151.02,336.52,20.4607
86,gvisor,12560,5024,2512,20096,1256,38.4,1748.37,483.93,20.4771
87,gvisor,12700,5080,2540,20320,1270,45.04,2636.68,644.32,20.8236
88,gvisor,11050,4420,2210,17680,1105,48.91,3499.09,927.62,20.8815
89,gvisor,11610,4644,2322,18576,1161,43.66,4826.46,1053.54,20.6943
90,gvisor,12590,5016,2538,20144,1259,40.25,6282.79,1144.93,20.9285
91,gvisor,8900,3464,1876,14240,890,45.74,1049.82,225.65,20.1377
92,gvisor,11500,4600,2300,18400,1150,45.68,1581.12,351.48,20.3474
93,gvisor,12830,5132,2566,20528,1283,42.08,2036.53,472.64,20.4257
94,gvisor,12850,5140,2570,20560,1285,46.64,2577.41,634.31,20.6463
95,gvisor,11810,4724,2362,18896,1181,47.48,4047.82,864.92,20.7638
96,gvisor,11620,4629,2343,18592,1162,51.05,6306.71,1051.34,20.8639
97,gvisor,11110,4444,2222,17776,1111,38.6,8296.41,1286.73,20.827
98,gvisor,8950,3580,1790,14320,895,45.51,779.88,224.45,20.1507
99,gvisor,12110,4844,2422,19376,1211,40.29,1370.51,332.99,20.3128
100,gvisor,13020,5208,2604,20832,1302,32.4,1654.59,465.21,20.3893
101,gvisor,13010,5204,2602,20816,1301,41.94,4114.77,621.81,20.464
102,gvisor,12500,5000,2500,20000,1250,39.42,3655.56,814.46,20.7623
103,gvisor,11330,4532,2266,18128,1133,36.38,4158.81,1081.79,20.7109
104,gvisor,12030,4812,2406,19248,1203,45.71,8289.6,1194.64,20.947
105,gvisor,8440,3376,1688,13504,844,45.82,789.51,237.72,20.1398
106,gvisor,12560,5024,2512,20096,1256,43.44,1188.1,321.68,20.3823
107,gvisor,12600,5040,2520,20160,1260,48.09,1784.05,481.11,20.3699
108,gvisor,12970,5188,2594,20752,1297,46.59,2603.07,626.17,20.7053
109,gvisor,12190,4876,2438,19504,1219,44.97,3889.36,836.98,20.8745
110,gvisor,11610,4644,2322,18576,1161,42.38,4467.04,1055.08,20.8046
111,gvisor,11610,4644,2322,18576,1161,40.55,5619.03,1235.47,20.8666
112,gvisor,8810,3524,1762,14096,881,48.0,906.29,228.01,20.1792
113,gvisor,12740,5096,2548,20384,1274,50.82,1193.16,315.17,20.1293
114,gvisor,12710,5084,2542,20336,1271,50.73,1924.25,479.7,20.7427
115,gvisor,13630,5452,2726,21808,1363,43.56,2989.91,599.14,20.6838
116,gvisor,12130,4852,2426,19408,1213,48.37,4091.0,834.1,20.6048
117,gvisor,12280,4912,2456,19648,1228,43.24,4579.84,1001.66,20.9088
118,gvisor,11150,4460,2230,17840,1115,40.49,6482.72,1281.32,20.7789
119,gvisor,8780,3512,1756,14048,878,51.41,911.71,228.79,20.1854
120,gvisor,12740,5096,2548,20384,1274,34.59,1302.42,316.16,20.3416
121,gvisor,13630,5452,2726,21808,1363,39.57,2068.67,444.84,20.4437
122,gvisor,12610,5044,2522,20176,1261,45.08,3166.12,647.83,20.6266
123,gvisor,11860,4744,2372,18976,1186,41.98,4700.59,857.87,20.6098
124,gvisor,13100,5187,2673,20960,1310,47.32,4190.89,939.44,20.8737
125,gvisor,11490,4596,2298,18384,1149,36.47,5188.16,1241.67,20.768
126,gvisor,9070,3628,1814,14512,907,40.61,893.42,221.42,20.1521
127,gvisor,12950,5180,2590,20720,1295,39.74,1327.26,311.43,20.4065
128,gvisor,13140,5256,2628,21024,1314,46.32,1742.05,463.61,20.5371
129,gvisor,12410,4964,2482,19856,1241,46.43,3511.56,653.88,20.5034
130,gvisor,12630,5052,2526,20208,1263,36.41,3592.15,798.64,20.5035
131,gvisor,12690,5076,2538,20304,1269,45.5,4868.66,964.17,20.767
132,gvisor,12180,4872,2436,19488,1218,45.99,4926.82,1172.77,20.6816
133,gvisor,8480,3392,1696,13568,848,54.11,736.72,236.46,20.0819
134,gvisor,12370,4948,2474,19792,1237,43.71,1384.08,325.16,20.2197
135,gvisor,13640,5456,2728,21824,1364,43.86,1951.47,445.71,20.4943
136,gvisor,12850,5140,2570,20560,1285,47.29,3050.53,630.55,20.4258
137,gvisor,12060,4824,2412,19296,1206,40.62,4513.12,851.24,20.9457
138,gvisor,12610,5044,2522,20176,1261,46.16,4386.64,974.7,20.7395
139,gvisor,12400,4960,2480,19840,1240,42.3,7052.12,1172.11,21.1153
140,gvisor,0,5888,2944,8832,1472,31.4,750.36,136.65,20.1745
141,gvisor,0,8072,4036,12108,2018,22.7,1344.88,200.19,20.3958
142,gvisor,0,7052,3526,10578,1763,24.55,1670.78,345.34,20.4517
143,gvisor,0,7740,3870,11610,1935,22.2,2272.66,419.48,20.5831
144,gvisor,0,8460,4230,12690,2115,25.86,3291.16,479.11,20.4967
145,gvisor,0,10208,5164,15372,2562,28.98,2848.91,476.8,20.6137
146,gvisor,0,9120,4560,13680,2280,23.92,8840.43,622.81,20.5421
147,gvisor,0,5404,2702,8106,1351,26.29,609.47,148.51,20.1116
148,gvisor,0,7756,3878,11634,1939,25.83,1088.68,207.24,20.2297
149,gvisor,0,9148,4574,13722,2287,28.91,1650.81,264.48,20.3114
150,gvisor,0,9696,4848,14544,2424,29.54,2481.46,333.95,20.4601
151,gvisor,0,10892,5446,16338,2723,23.64,1966.81,369.89,20.3629
152,gvisor,0,11220,5610,16830,2805,30.04,5008.76,432.38,20.4898
153,gvisor,0,11800,5984,17784,2964,29.75,3824.22,482.01,20.7987
154,gvisor,0,6276,3138,9414,1569,25.46,554.38,128.07,20.1801
155,gvisor,0,9796,5096,14892,2482,30.37,871.11,162.05,20.2632
156,gvisor,0,11476,5738,17214,2869,23.9,1046.92,210.13,20.2628
157,gvisor,0,10932,5466,16398,2733,29.63,4024.55,294.9,20.3407
158,gvisor,0,13364,6682,20046,3341,34.08,2015.06,302.48,20.4773
159,gvisor,0,13700,6850,20550,3425,30.56,5369.81,352.46,20.3224
160,gvisor,0,13759,6953,20712,3452,32.65,4160.51,411.89,20.5262
161,gvisor,0,6864,3432,10296,1716,27.02,600.99,117.04,20.1822
162,gvisor,0,10872,5436,16308,2718,32.62,914.83,147.47,20.1564
163,gvisor,0,13156,6578,19734,3289,29.09,2099.4,183.34,20.2183
164,gvisor,0,13100,6550,19650,3275,27.88,1595.76,247.05,20.4558
165,gvisor,0,15480,7740,23220,3870,31.52,3843.64,263.28,20.7552
166,gvisor,0,15229,7709,22938,3823,30.53,3149.47,316.84,20.5271
167,gvisor,0,14888,7444,22332,3722,30.12,6402.94,378.96,20.3431
168,gvisor,0,6892,3446,10338,1723,19.98,448.41,116.41,20.1001
169,gvisor,0,12028,6014,18042,3007,29.36,513.83,134.15,20.3092
170,gvisor,0,13296,6648,19944,3324,25.43,1717.21,181.46,20.2917
171,gvisor,0,13976,6988,20964,3494,23.0,3158.25,230.57,20.2671
172,gvisor,0,15340,7670,23010,3835,34.99,1840.73,262.71,20.3527
173,gvisor,0,15732,7866,23598,3933,32.19,4174.6,309.52,20.5443
174,gvisor,0,16196,8098,24294,4049,30.02,3294.19,352.22,20.8422
175,gvisor,0,6904,3452,10356,1726,29.36,464.09,116.44,20.1409
176,gvisor,0,11172,5586,16758,2793,31.22,1346.21,143.59,20.1108
177,gvisor,0,14384,7192,21576,3596,32.34,1184.03,168.31,20.49
178,gvisor,0,14620,7310,21930,3655,23.52,3323.87,219.87,20.2767
179,gvisor,0,15560,7780,23340,3890,30.78,4071.67,259.2,20.4335
180,gvisor,0,15164,7582,22746,3791,33.42,4686.89,317.45,20.2408
181,gvisor,0,15777,7977,23754,3959,31.95,3468.53,356.21,20.3509
182,gvisor,0,7704,3852,11556,1926,26.15,496.74,104.17,20.1337
183,gvisor,0,11519,5977,17496,2916,28.79,1280.13,137.53,20.1857
184,gvisor,0,14600,7300,21900,3650,35.21,902.65,165.31,20.2283
185,gvisor,0,15216,7608,22824,3804,33.98,1589.78,211.28,20.2715
186,gvisor,0,16684,8342,25026,4171,29.66,2396.76,241.68,20.3482
187,gvisor,0,15524,7762,23286,3881,35.06,3533.78,314.24,20.7142
188,gvisor,0,16033,8111,24144,4024,32.31,2675.05,352.16,20.5571
189,gvisor,0,6760,3380,10140,1690,29.09,491.7,118.7,20.1284
190,gvisor,0,11368,5684,17052,2842,29.99,712.23,141.27,20.1334
191,gvisor,0,14464,7232,21696,3616,30.35,957.83,167.22,20.3614
192,gvisor,0,14824,7412,22236,3706,34.12,1805.84,216.37,20.1531
193,gvisor,0,14304,7152,21456,3576,26.46,4750.63,282.02,20.3509
194,gvisor,0,15382,7790,23172,3862,24.77,3991.82,311.74,20.3147
195,gvisor,0,16544,8272,24816,4136,33.45,3530.84,342.14,20.4369
196,gvisor,0,7104,3552,10656,1776,25.36,376.05,112.92,20.1652
197,gvisor,0,11444,5722,17166,2861,31.15,525.25,140.08,20.1154
198,gvisor,0,13664,6832,20496,3416,31.49,1541.33,176.36,20.2059
199,gvisor,0,14540,7270,21810,3635,29.37,3882.23,222.92,20.627
200,gvisor,0,15852,7926,23778,3963,34.91,2460.04,253.5,20.2354
201,gvisor,0,15548,7774,23322,3887,29.24,6512.1,312.22,20.5128
202,gvisor,0,15608,7804,23412,3902,27.5,4600.3,361.13,20.5094
203,gvisor,0,6748,3374,10122,1687,27.93,415.07,118.89,20.1541
204,gvisor,0,11924,5962,17886,2981,29.24,773.95,134.62,20.1424
205,gvisor,0,14040,7020,21060,3510,30.34,2393.1,171.41,20.1617
206,gvisor,0,14672,7336,22008,3668,26.93,2532.96,219.34,20.2252
207,gvisor,0,15639,8175,23814,3969,32.5,3271.68,252.77,20.2484
208,gvisor,0,16349,8263,24612,4102,33.0,2945.21,295.88,20.5455
209,gvisor,0,15884,7942,23826,3971,26.91,5009.89,355.8,20.5452
210,metal,231390,0,46278,277668,23139,4.31,68.31,8.64,20.0209
211,metal,303990,0,60798,364788,30399,4.93,169.36,13.16,20.0461
212,metal,321670,0,64334,386004,32167,5.11,278.88,18.66,20.0841
213,metal,305240,0,61048,366288,30524,5.23,210.66,26.22,20.1222
214,metal,265890,0,53178,319068,26589,5.34,283.29,37.64,20.1737
215,metal,280430,0,56086,336516,28043,5.55,398.47,42.82,20.2132
216,metal,278620,0,55724,334344,27862,5.03,303.22,50.28,20.2577
217,metal,257860,0,51572,309432,25786,4.25,69.12,7.76,20.022
218,metal,334420,0,66884,401304,33442,4.71,139.61,11.97,20.0474
219,metal,332460,0,66492,398952,33246,5.21,252.44,18.05,20.0883
220,metal,292010,0,58402,350412,29201,5.21,320.61,27.42,20.128
221,metal,280450,0,56090,336540,28045,5.33,264.01,35.7,20.1717
222,metal,292360,0,58472,350832,29236,5.49,248.27,41.07,20.2166
223,metal,285930,0,57186,343116,28593,5.4,475.53,49.0,20.2623
224,metal,262850,0,52570,315420,26285,4.21,76.27,7.61,20.0211
225,metal,344980,0,68996,413976,34498,4.55,136.01,11.6,20.0522
226,metal,333620,0,66724,400344,33362,4.7,127.17,17.99,20.0839
227,metal,273830,0,54766,328596,27383,5.33,175.41,29.23,20.1248
228,metal,295040,0,59008,354048,29504,4.4,207.17,33.92,20.1596
229,metal,292190,0,58438,350628,29219,5.39,388.4,41.09,20.219
230,metal,255650,0,51130,306780,25565,5.19,422.38,54.81,20.26
231,metal,271930,0,54386,326316,27193,4.07,59.87,7.35,20.0209
232,metal,348190,0,69638,417828,34819,4.61,72.28,11.49,20.0477
233,metal,322530,0,64506,387036,32253,5.19,256.15,18.61,20.0889
234,metal,287160,0,57432,344592,28716,5.07,312.77,27.9,20.1382
235,metal,301680,0,60336,362016,30168,5.53,313.29,33.18,20.1615
236,metal,296100,0,59220,355320,29610,5.48,258.82,40.55,20.2152
237,metal,247720,0,49544,297264,24772,4.96,527.13,56.59,20.2576
238,metal,268420,0,53684,322104,26842,4.17,63.79,7.45,20.022
239,metal,341990,0,68398,410388,34199,4.86,150.47,11.7,20.0528
240,metal,297300,0,59460,356760,29730,5.26,242.14,20.19,20.0857
241,metal,295390,0,59078,354468,29539,4.9,304.62,27.11,20.1317
242,metal,308180,0,61636,369816,30818,5.11,236.57,32.46,20.1598
243,metal,278600,0,55720,334320,27860,5.49,703.36,43.1,20.2102
244,metal,251900,0,50380,302280,25190,5.65,331.1,55.65,20.2649
245,metal,277110,0,55422,332532,27711,4.36,58.56,7.22,20.0218
246,metal,355100,0,71020,426120,35510,5.02,113.28,11.27,20.0545
247,metal,296910,0,59382,356292,29691,5.36,222.11,20.22,20.0861
248,metal,307530,0,61506,369036,30753,5.08,298.29,26.03,20.1257
249,metal,304730,0,60946,365676,30473,5.44,259.23,32.84,20.1655
250,metal,261150,0,52230,313380,26115,5.51,242.23,46.02,20.2252
251,metal,261160,0,52232,313392,26116,5.63,389.36,53.67,20.2551
252,metal,271420,0,54284,325704,27142,4.3,63.8,7.37,20.0242
253,metal,337980,0,67596,405576,33798,4.58,152.62,11.84,20.0531
254,metal,301140,0,60228,361368,30114,5.21,232.55,19.94,20.0854
255,metal,317800,0,63560,381360,31780,5.06,321.37,25.19,20.125
256,metal,302920,0,60584,363504,30292,5.41,196.84,33.02,20.1737
257,metal,257870,0,51574,309444,25787,5.38,463.26,46.58,20.2248
258,metal,272620,0,54524,327144,27262,5.34,447.06,51.43,20.2701
259,metal,273450,0,54690,328140,27345,4.17,67.41,7.31,20.0224
260,metal,313060,0,62612,375672,31306,4.9,87.44,12.78,20.0492
261,metal,314590,0,62918,377508,31459,5.15,229.17,19.08,20.0818
262,metal,315180,0,63036,378216,31518,5.24,325.68,25.39,20.1311
263,metal,284230,0,56846,341076,28423,5.04,205.08,35.21,20.1583
264,metal,262690,0,52538,315228,26269,5.6,442.4,45.77,20.2256
265,metal,281940,0,56388,338328,28194,5.56,236.51,49.71,20.2838
266,metal,272890,0,54578,327468,27289,4.15,55.99,7.33,20.021
267,metal,307480,0,61496,368976,30748,4.77,167.61,13.02,20.0506
268,metal,330770,0,66154,396924,33077,4.97,230.63,18.15,20.0871
269,metal,315900,0,63180,379080,31590,5.13,306.7,25.33,20.1321
270,metal,264740,0,52948,317688,26474,5.51,233.16,37.81,20.1695
271,metal,276600,0,55320,331920,27660,5.45,399.05,43.42,20.2165
272,metal,284900,0,56980,341880,28490,5.51,330.35,49.18,20.2559
273,metal,269520,0,53904,323424,26952,4.29,57.28,7.42,20.0234
274,metal,313550,0,62710,376260,31355,4.66,112.0,12.76,20.0491
275,metal,338350,0,67670,406020,33835,5.3,214.12,17.74,20.0901
276,metal,321550,0,64310,385860,32155,5.19,184.81,24.89,20.1213
277,metal,256950,0,51390,308340,25695,5.29,364.72,38.96,20.1639
278,metal,285160,0,57032,342192,28516,5.55,242.08,42.12,20.2176
279,metal,280620,0,56124,336744,28062,5.57,309.15,49.95,20.2548
280,metal,12890,5156,2578,20624,1289,35.3,515.55,155.85,20.1493
281,metal,18100,7240,3620,28960,1810,28.03,699.9,222.07,20.1686
282,metal,21210,8484,4242,33936,2121,41.76,1010.24,283.91,20.1609
283,metal,23610,9444,4722,37776,2361,54.52,1223.58,342.89,20.4096
284,metal,27250,10900,5450,43600,2725,54.43,1353.37,370.26,20.3782
285,metal,33610,13382,6784,53776,3361,45.18,1377.54,359.76,20.3662
286,metal,39380,15752,7876,63008,3938,54.44,1710.2,357.45,20.3174
287,metal,11640,4656,2328,18624,1164,35.17,555.8,172.56,20.1683
288,metal,19810,7818,4068,31696,1981,41.91,724.11,202.7,20.2247
289,metal,25160,10064,5032,40256,2516,41.67,736.52,238.99,20.1238
290,metal,30700,12280,6140,49120,3070,45.19,827.82,261.92,20.2802
291,metal,35180,14072,7036,56288,3518,51.24,1171.1,286.26,20.2805
292,metal,42860,17144,8572,68576,4286,46.34,1658.74,281.07,20.2995
293,metal,47570,18960,9582,76112,4757,38.14,1247.33,296.03,20.3307
294,metal,12480,4992,2496,19968,1248,34.66,509.91,160.81,20.1438
295,metal,20690,8276,4138,33104,2069,39.41,606.09,194.69,20.2676
296,metal,28670,11468,5734,45872,2867,35.63,777.87,210.14,20.1597
297,metal,35580,14232,7116,56928,3558,42.94,887.16,225.82,20.2207
298,metal,40720,16288,8144,65152,4072,48.25,902.34,247.09,20.2833
299,metal,47500,18919,9581,76000,4750,48.94,961.6,253.56,20.2382
300,metal,52060,20824,10412,83296,5206,51.67,1081.39,269.99,20.2882
301,metal,12950,5180,2590,20720,1295,38.06,471.21,155.15,20.1923
302,metal,22960,9184,4592,36736,2296,36.58,579.63,175.14,20.2271
303,metal,28640,11359,5825,45824,2864,41.96,703.12,210.25,20.2084
304,metal,31190,12393,6321,49904,3119,46.08,826.08,257.33,20.1668
305,metal,40130,15973,8105,64208,4013,43.24,976.81,251.15,20.398
306,metal,48940,19576,9788,78304,4894,48.78,917.26,246.52,20.2742
307,metal,49560,19824,9912,79296,4956,53.4,1314.11,283.65,20.3159
308,metal,16350,6540,3270,26160,1635,28.96,359.55,122.95,20.1899
309,metal,23370,9348,4674,37392,2337,23.88,688.53,171.89,20.2412
310,metal,30400,12053,6187,48640,3040,43.13,691.91,198.13,20.1607
311,metal,33840,13536,6768,54144,3384,43.35,966.44,238.06,20.2799
312,metal,39520,15727,7985,63232,3952,47.77,781.21,256.52,20.4856
313,metal,47640,19056,9528,76224,4764,48.3,1081.15,252.71,20.2534
314,metal,49100,19640,9820,78560,4910,55.62,1759.13,286.28,20.3038
315,metal,13500,5400,2700,21600,1350,28.41,419.07,148.46,20.1119
316,metal,23370,9348,4674,37392,2337,41.04,570.09,171.88,20.2088
317,metal,29150,11660,5830,46640,2915,36.91,677.42,207.04,20.2329
318,metal,34770,13908,6954,55632,3477,48.86,801.56,231.56,20.2789
319,metal,41750,16700,8350,66800,4175,41.6,887.92,240.92,20.2653
320,metal,48760,19504,9752,78016,4876,48.59,1037.64,247.44,20.3055
321,metal,49410,19764,9882,79056,4941,58.73,1243.12,285.12,20.3459
322,metal,13380,5352,2676,21408,1338,39.19,539.44,150.1,20.1683
323,metal,23530,9285,4833,37648,2353,38.06,505.09,170.68,20.191
324,metal,28780,11512,5756,46048,2878,42.03,589.02,209.67,20.2436
325,metal,34320,13640,6952,54912,3432,39.85,805.15,235.17,20.3159
326,metal,39480,15706,7982,63168,3948,48.49,900.99,254.95,20.266
327,metal,48520,19408,9704,77632,4852,37.9,1077.59,249.76,20.407
328,metal,51490,20596,10298,82384,5149,42.02,1613.19,274.56,20.4514
329,metal,14140,5510,2974,22624,1414,37.04,506.12,142.11,20.2626
330,metal,23220,9288,4644,37152,2322,32.83,551.98,172.78,20.1357
331,metal,28600,11440,5720,45760,2860,44.52,903.94,210.49,20.1688
332,metal,32020,12808,6404,51232,3202,48.94,814.96,250.77,20.1937
333,metal,40390,16156,8078,64624,4039,51.63,993.89,248.76,20.2343
334,metal,47660,18904,9692,76256,4766,47.51,992.95,254.22,20.3815
335,metal,48730,19492,9746,77968,4873,50.74,1257.2,289.79,20.3961
336,metal,13480,5392,2696,21568,1348,33.31,449.12,149.54,20.2574
337,metal,22780,9112,4556,36448,2278,41.06,523.12,176.01,20.129
338,metal,27560,11024,5512,44096,2756,45.35,751.09,218.72,20.3268
339,metal,32500,13000,6500,52000,3250,45.31,1085.63,247.76,20.2543
340,metal,38550,15420,7710,61680,3855,50.45,853.48,260.76,20.243
341,metal,46270,18508,9254,74032,4627,47.24,987.06,260.54,20.265
342,metal,48800,19520,9760,78080,4880,47.96,1330.3,289.43,20.3819
343,metal,13400,5360,2680,21440,1340,34.03,541.16,149.82,20.1986
344,metal,22710,9084,4542,36336,2271,41.91,501.24,176.61,20.121
345,metal,28060,11224,5612,44896,2806,45.83,713.2,214.61,20.1559
346,metal,34560,13824,6912,55296,3456,51.36,834.66,233.66,20.3716
347,metal,39730,15892,7946,63568,3973,51.18,937.28,252.57,20.2162
348,metal,51660,20664,10332,82656,5166,48.96,1015.02,233.67,20.3098
349,metal,56180,22472,11236,89888,5618,55.19,959.13,249.98,20.2816
350,metal,0,10532,5266,15798,2633,19.3,253.42,76.13,20.1021
351,metal,0,17168,8932,26100,4350,22.77,345.28,92.3,20.1357
352,metal,0,20728,10364,31092,5182,28.84,430.72,116.33,20.2017
353,metal,0,24252,12126,36378,6063,22.54,557.11,132.54,20.2425
354,metal,0,28104,14052,42156,7026,28.17,641.67,143.27,20.287
355,metal,0,29140,14570,43710,7285,31.52,730.19,166.07,20.329
356,metal,0,31092,15708,46800,7800,27.8,858.63,180.71,20.3428
357,metal,0,10260,5130,15390,2565,23.53,235.08,78.11,20.0859
358,metal,0,16980,8490,25470,4245,26.35,325.19,94.47,20.1323
359,metal,0,21408,10704,32112,5352,24.68,491.58,112.22,20.09
360,metal,0,24344,12172,36516,6086,28.99,453.38,131.67,20.1345
361,metal,0,27468,13734,41202,6867,30.26,614.53,146.36,20.2534
362,metal,0,29178,14772,43950,7325,27.29,639.42,164.57,20.2727
363,metal,0,32204,16102,48306,8051,40.08,881.86,174.87,20.3335
364,metal,0,10380,5190,15570,2595,20.86,250.63,77.22,20.0893
365,metal,0,17776,8888,26664,4444,20.65,335.88,90.18,20.0907
366,metal,0,21672,10836,32508,5418,24.53,429.03,110.86,20.1066
367,metal,0,25468,12734,38202,6367,26.85,473.44,126.09,20.1876
368,metal,0,28068,14034,42102,7017,31.98,608.78,143.34,20.2561
369,metal,0,28295,14347,42642,7107,29.97,1020.4,169.47,20.2714
370,metal,0,32640,16320,48960,8160,36.81,1776.57,172.04,20.2522
371,metal,0,10832,5416,16248,2708,15.08,245.09,74.03,20.0956
372,metal,0,17364,8682,26046,4341,22.82,408.68,92.28,20.0753
373,metal,0,21292,10646,31938,5323,21.77,419.63,112.89,20.1255
374,metal,0,25764,12882,38646,6441,19.0,459.39,124.87,20.2145
375,metal,0,28154,14296,42450,7075,32.96,570.25,141.71,20.1967
376,metal,0,31416,15708,47124,7854,30.47,649.51,153.21,20.2314
377,metal,0,32128,16064,48192,8032,36.32,688.71,175.16,20.3065
378,metal,0,10500,5250,15750,2625,17.91,266.52,76.35,20.0977
379,metal,0,18044,9022,27066,4511,23.62,310.03,89.22,20.237
380,metal,0,21464,10732,32196,5366,32.08,455.88,112.2,20.1807
381,metal,0,25448,12724,38172,6362,27.46,511.33,126.12,20.168
382,metal,0,27320,13660,40980,6830,27.45,541.68,147.08,20.2388
383,metal,0,29064,14532,43596,7266,30.16,608.34,165.77,20.2485
384,metal,0,31807,16073,47880,7980,25.41,907.82,176.26,20.313
385,metal,0,10064,5032,15096,2516,20.78,322.0,79.65,20.0728
386,metal,0,17956,8978,26934,4489,24.63,380.63,89.23,20.0837
387,metal,0,22716,11358,34074,5679,25.79,405.98,105.99,20.1459
388,metal,0,26896,13448,40344,6724,23.15,499.28,119.2,20.1463
389,metal,0,27000,13500,40500,6750,19.91,719.98,148.61,20.2083
390,metal,0,30112,15056,45168,7528,31.57,792.42,160.31,20.3312
391,metal,0,32644,16322,48966,8161,36.24,773.31,172.2,20.2984
392,metal,0,10416,5208,15624,2604,22.37,300.64,77.02,20.1316
393,metal,0,17792,8896,26688,4448,17.92,388.53,90.15,20.1039
394,metal,0,23832,12210,36042,6007,26.71,424.66,100.08,20.1092
395,metal,0,25188,12594,37782,6297,22.46,501.16,127.53,20.1912
396,metal,0,28964,14482,43446,7241,34.68,550.23,139.07,20.2858
397,metal,0,31001,15685,46686,7781,24.16,759.6,154.63,20.2449
398,metal,0,33324,16662,49986,8331,31.45,907.64,168.75,20.3094
399,metal,0,10345,5573,15918,2653,19.86,276.1,75.45,20.0568
400,metal,0,18904,9452,28356,4726,26.29,327.6,84.79,20.085
401,metal,0,23066,11824,34890,5815,24.68,413.58,103.48,20.1548
402,metal,0,25784,12892,38676,6446,25.24,483.91,124.58,20.1875
403,metal,0,29168,14584,43752,7292,35.72,501.56,137.91,20.2615
404,metal,0,30880,15440,46320,7720,39.01,698.98,156.22,20.2708
405,metal,0,31731,16041,47772,7962,29.13,825.39,176.14,20.2829
406,metal,0,10064,5032,15096,2516,22.39,289.8,79.67,20.0884
407,metal,0,18988,9494,28482,4747,22.03,344.86,84.41,20.1054
408,metal,0,23493,12039,35532,5922,29.49,378.63,101.74,20.1795
409,metal,0,25388,12694,38082,6347,28.02,625.22,126.18,20.1353
410,metal,0,27414,13908,41322,6887,22.74,591.58,145.53,20.1932
411,metal,0,31865,16135,48000,8000,33.24,667.14,151.84,20.4356
412,metal,0,31404,15870,47274,7879,32.75,832.2,178.13,20.2526
413,metal,0,10576,5288,15864,2644,20.29,302.48,75.68,20.0714
414,metal,0,19028,9514,28542,4757,27.16,320.91,84.41,20.136
415,metal,0,21480,10740,32220,5370,26.71,375.76,111.87,20.1012
416,metal,0,25240,12620,37860,6310,24.87,628.43,127.38,20.2352
417,metal,0,29372,14686,44058,7343,29.02,621.38,136.84,20.2353
418,metal,0,30964,15482,46446,7741,23.35,668.56,155.58,20.2505
419,metal,0,31380,15690,47070,7845,28.41,960.68,179.1,20.3053
420,kvm,192940,0,38588,231528,19294,6.18,55.07,10.37,20.0214
421,kvm,217150,0,43430,260580,21715,6.75,3169.8,18.43,20.0479
422,kvm,219500,0,43900,263400,21950,7.01,182.35,27.35,20.0808
423,kvm,214040,0,42808,256848,21404,6.79,144.12,37.4,20.1233
424,kvm,212290,0,42458,254748,21229,6.88,179.09,47.16,20.1751
425,kvm,207040,0,41408,248448,20704,7.54,272.11,58.03,20.2154
426,kvm,203420,0,40684,244104,20342,7.79,471.96,68.91,20.2581
427,kvm,232910,0,46582,279492,23291,6.15,32.69,8.59,20.0171
428,kvm,236650,0,47330,283980,23665,7.05,65.43,16.91,20.0486
429,kvm,225950,0,45190,271140,22595,7.33,98.53,26.57,20.0864
430,kvm,217640,0,43528,261168,21764,7.09,127.16,36.79,20.1294
431,kvm,214090,0,42818,256908,21409,7.53,180.69,46.76,20.1712
432,kvm,211380,0,42276,253656,21138,7.71,167.51,56.84,20.2153
433,kvm,207020,0,41404,248424,20702,7.6,232.02,67.73,20.2464
434,kvm,229720,0,45944,275664,22972,6.18,26.83,8.71,20.0222
435,kvm,231450,0,46290,277740,23145,7.02,50.65,17.29,20.0505
436,kvm,225400,0,45080,270480,22540,7.21,119.19,26.63,20.0863
437,kvm,222570,0,44514,267084,22257,7.19,122.45,35.97,20.1286
438,kvm,211450,0,42290,253740,21145,7.52,155.5,47.34,20.1734
439,kvm,211050,0,42210,253260,21105,8.17,218.56,56.92,20.2139
440,kvm,205550,0,41110,246660,20555,7.58,322.0,68.2,20.2675
441,kvm,236760,0,47352,284112,23676,6.16,17.62,8.45,20.0202
442,kvm,232960,0,46592,279552,23296,7.21,62.96,17.17,20.0471
443,kvm,227920,0,45584,273504,22792,7.28,78.98,26.34,20.0856
444,kvm,222550,0,44510,267060,22255,7.23,176.64,35.97,20.1274
445,kvm,213550,0,42710,256260,21355,7.28,157.0,46.87,20.1746
446,kvm,206630,0,41326,247956,20663,7.53,313.29,58.15,20.2183
447,kvm,206890,0,41378,248268,20689,7.99,266.42,67.77,20.254
448,kvm,235980,0,47196,283176,23598,6.26,20.66,8.48,20.0208
449,kvm,234070,0,46814,280884,23407,7.17,70.15,17.09,20.0487
450,kvm,225410,0,45082,270492,22541,7.3,124.19,26.63,20.0851
451,kvm,222010,0,44402,266412,22201,7.26,89.63,36.06,20.1303
452,kvm,210380,0,42076,252456,21038,7.49,158.33,47.58,20.1704
453,kvm,207630,0,41526,249156,20763,6.39,950.81,57.87,20.2153
454,kvm,210620,0,42124,252744,21062,7.69,209.98,66.56,20.2685
455,kvm,232830,0,46566,279396,23283,6.1,33.55,8.59,20.0226
456,kvm,240230,0,48046,288276,24023,6.91,106.65,16.66,20.0458
457,kvm,230190,0,46038,276228,23019,6.5,76.97,26.08,20.0871
458,kvm,220270,0,44054,264324,22027,7.46,153.12,36.35,20.1174
459,kvm,214140,0,42828,256968,21414,7.43,140.05,46.74,20.1692
460,kvm,210070,0,42014,252084,21007,7.58,196.3,57.2,20.221
461,kvm,203840,0,40768,244608,20384,8.16,378.05,68.78,20.247
462,kvm,230290,0,46058,276348,23029,6.15,19.39,8.69,20.0202
463,kvm,233570,0,46714,280284,23357,6.7,58.49,17.13,20.0491
464,kvm,225430,0,45086,270516,22543,7.18,86.0,26.63,20.0864
465,kvm,220880,0,44176,265056,22088,7.26,126.05,36.25,20.1306
466,kvm,212790,0,42558,255348,21279,7.63,160.93,47.04,20.1752
467,kvm,212770,0,42554,255324,21277,7.64,188.24,56.46,20.2187
468,kvm,208580,0,41716,250296,20858,7.96,263.33,67.22,20.2723
469,kvm,237550,0,47510,285060,23755,6.01,26.77,8.42,20.0194
470,kvm,237100,0,47420,284520,23710,6.79,65.93,16.88,20.048
471,kvm,227850,0,45570,273420,22785,7.03,149.27,26.35,20.0862
472,kvm,221870,0,44374,266244,22187,7.32,140.17,36.09,20.1272
473,kvm,205370,0,41074,246444,20537,7.5,157.24,48.75,20.1837
474,kvm,204880,0,40976,245856,20488,7.85,207.74,58.65,20.2209
475,kvm,201220,0,40244,241464,20122,8.11,192.69,69.67,20.2684
476,kvm,229090,0,45818,274908,22909,6.27,17.41,8.73,20.0203
477,kvm,235810,0,47162,282972,23581,6.79,50.17,16.97,20.0512
478,kvm,227200,0,45440,272640,22720,7.03,97.14,26.43,20.0808
479,kvm,217740,0,43548,261288,21774,7.28,143.55,36.77,20.129
480,kvm,209060,0,41812,250872,20906,7.63,151.5,47.89,20.1783
481,kvm,207000,0,41400,248400,20700,7.8,235.56,58.04,20.2073
482,kvm,200340,0,40068,240408,20034,8.22,269.98,69.98,20.2434
483,kvm,235790,0,47158,282948,23579,6.16,17.76,8.48,20.0195
484,kvm,236450,0,47290,283740,23645,7.11,43.72,16.92,20.0483
485,kvm,225560,0,45112,270672,22556,7.21,68.8,26.61,20.0844
486,kvm,224610,0,44922,269532,22461,7.24,125.38,35.64,20.1306
487,kvm,214310,0,42862,257172,21431,7.57,169.07,46.71,20.1755
488,kvm,205050,0,41010,246060,20505,7.82,178.36,58.6,20.2132
489,kvm,199230,0,39846,239076,19923,8.3,225.9,70.37,20.256
490,kvm,18460,7384,3692,29536,1846,22.71,344.71,108.55,20.0685
491,kvm,25740,10296,5148,41184,2574,33.52,566.55,156.18,20.2031
492,kvm,30960,12384,6192,49536,3096,36.53,594.38,194.76,20.2077
493,kvm,35340,14136,7068,56544,3534,42.45,846.23,227.27,20.2017
494,kvm,42770,17108,8554,68432,4277,45.6,892.21,234.8,20.2349
495,kvm,48640,19456,9728,77824,4864,52.8,937.34,247.31,20.2243
496,kvm,52750,21020,10630,84400,5275,36.43,1359.91,266.31,20.2825
497,kvm,16530,6612,3306,26448,1653,28.15,310.47,121.27,20.112
498,kvm,27020,10808,5404,43232,2702,35.28,415.14,148.35,20.1115
499,kvm,34470,13667,7015,55152,3447,44.46,615.39,174.68,20.1444
500,kvm,41870,16748,8374,66992,4187,39.46,676.31,191.57,20.1749
501,kvm,47080,18832,9416,75328,4708,36.74,667.02,213.16,20.2042
502,kvm,51030,20412,10206,81648,5103,51.38,812.66,236.31,20.275
503,kvm,54550,21660,11070,87280,5455,45.44,1442.18,258.96,21.0033
504,kvm,17420,6968,3484,27872,1742,26.71,315.11,115.08,20.0916
505,kvm,26940,10776,5388,43104,2694,31.7,494.94,148.67,20.071
506,kvm,36660,14664,7332,58656,3666,39.38,562.73,164.29,20.1715
507,kvm,42490,16996,8498,67984,4249,40.23,641.31,188.76,20.1639
508,kvm,49500,19800,9900,79200,4950,44.83,667.14,203.43,20.2571
509,kvm,52340,20936,10468,83744,5234,55.17,763.13,230.9,20.2823
510,kvm,53950,21580,10790,86320,5395,53.19,847.36,260.79,20.3167
511,kvm,17520,7008,3504,28032,1752,34.04,336.37,114.37,20.074
512,kvm,27760,11104,5552,44416,2776,33.63,489.25,144.59,20.1529
513,kvm,36360,14544,7272,58176,3636,37.95,596.79,165.63,20.1546
514,kvm,43780,17393,8875,70048,4378,41.53,504.8,183.4,20.1806
515,kvm,49860,19944,9972,79776,4986,41.93,546.71,201.29,20.213
516,kvm,52330,20932,10466,83728,5233,51.54,756.5,231.28,20.345
517,kvm,55550,22220,11110,88880,5555,42.61,701.52,253.83,20.3679
518,kvm,18380,7352,3676,29408,1838,30.22,255.38,109.14,20.1045
519,kvm,28120,11248,5624,44992,2812,33.51,426.18,142.82,20.1541
520,kvm,36080,14432,7216,57728,3608,37.78,562.17,166.58,20.0968
521,kvm,42870,17148,8574,68592,4287,43.51,588.57,187.46,20.1958
522,kvm,47730,19092,9546,76368,4773,44.21,670.68,210.31,20.2127
523,kvm,51990,20796,10398,83184,5199,51.13,738.48,232.15,20.2875
524,kvm,57370,22948,11474,91792,5737,52.32,730.28,245.44,20.3263
525,kvm,18120,7248,3624,28992,1812,33.43,282.82,110.67,20.1347
526,kvm,27200,10880,5440,43520,2720,32.15,372.62,147.36,20.1115
527,kvm,35660,14264,7132,57056,3566,39.65,540.93,168.74,20.1694
528,kvm,43430,17372,8686,69488,4343,35.6,587.41,184.91,20.1915
529,kvm,48730,19492,9746,77968,4873,44.36,545.04,205.83,20.2008
530,kvm,52030,20812,10406,83248,5203,42.39,618.51,232.27,20.3275
531,kvm,57020,22808,11404,91232,5702,37.83,692.06,247.26,20.3535
532,kvm,17490,6996,3498,27984,1749,29.56,364.6,114.71,20.117
533,kvm,29140,11656,5828,46624,2914,30.25,377.04,137.56,20.1103
534,kvm,35320,14128,7064,56512,3532,37.59,459.17,170.44,20.1552
535,kvm,43000,17200,8600,68800,4300,45.09,517.45,186.42,20.1313
536,kvm,49010,19505,9901,78416,4901,42.52,751.55,204.98,20.2207
537,kvm,54410,21764,10882,87056,5441,49.44,598.34,221.36,20.2382
538,kvm,54550,21820,10910,87280,5455,46.2,754.38,258.03,20.3202
539,kvm,18090,7236,3618,28944,1809,31.17,317.62,110.99,20.1324
540,kvm,27440,10976,5488,43904,2744,32.32,367.9,146.25,20.1707
541,kvm,37360,14944,7472,59776,3736,36.34,444.49,161.14,20.1774
542,kvm,35590,14236,7118,56944,3559,43.45,777.04,226.44,20.2945
543,kvm,36230,14416,7322,57968,3623,51.98,885.14,277.27,20.2525
544,kvm,40560,16224,8112,64896,4056,69.02,1001.57,298.36,20.3526
545,kvm,45550,18152,9178,72880,4555,55.34,1024.01,309.5,20.348
546,kvm,10890,4356,2178,17424,1089,48.94,514.66,184.27,20.2244
547,kvm,18590,7436,3718,29744,1859,36.46,671.0,216.47,20.2154
548,kvm,23740,9496,4748,37984,2374,55.5,747.28,254.73,20.3334
549,kvm,28760,11504,5752,46016,2876,50.22,869.17,280.94,20.3983
550,kvm,34500,13800,6900,55200,3450,63.85,979.67,290.63,20.2
551,kvm,40130,15983,8095,64208,4013,62.13,1091.03,302.48,20.3942
552,kvm,44480,17792,8896,71168,4448,66.17,1007.54,316.16,20.3275
553,kvm,10340,4136,2068,16544,1034,46.43,540.89,194.6,20.2399
554,kvm,18830,7532,3766,30128,1883,41.56,623.93,213.45,20.1979
555,kvm,23880,9552,4776,38208,2388,54.55,752.91,252.91,20.2474
556,kvm,28910,11492,5854,46256,2891,58.62,963.74,278.27,20.2473
557,kvm,34960,13984,6992,55936,3496,56.39,927.7,288.68,20.4044
558,kvm,41830,16732,8366,66928,4183,69.87,1081.11,288.58,20.3328
559,kvm,45360,18144,9072,72576,4536,68.11,1262.91,309.66,20.2718
560,kvm,0,8544,4272,12816,2136,31.82,266.82,93.78,20.0921
561,kvm,0,13632,6816,20448,3408,30.4,457.85,117.93,20.1658
562,kvm,0,17672,8836,26508,4418,32.79,622.65,136.11,20.1257
563,kvm,0,20592,10296,30888,5148,44.58,570.83,155.92,20.1642
564,kvm,0,25172,12586,37758,6293,38.12,757.12,159.63,20.2225
565,kvm,0,26648,13324,39972,6662,44.3,844.97,180.86,20.2796
566,kvm,0,27012,13506,40518,6753,36.72,1130.52,207.82,20.2754
567,kvm,0,7936,3968,11904,1984,27.72,316.42,101.07,20.1593
568,kvm,0,13708,6854,20562,3427,35.87,393.0,117.16,20.1678
569,kvm,0,17252,8626,25878,4313,38.59,538.53,139.52,20.1275
570,kvm,0,21272,10636,31908,5318,38.75,690.14,150.94,20.1986
571,kvm,0,23200,11600,34800,5800,44.47,602.57,173.99,20.4049
572,kvm,0,26408,13372,39780,6630,41.02,873.09,181.99,20.2848
573,kvm,0,27360,13680,41040,6840,50.02,952.06,206.01,20.3524
574,kvm,0,8132,4066,12198,2033,29.15,333.78,98.63,20.0894
575,kvm,0,13720,6860,20580,3430,32.68,466.13,116.78,20.1092
576,kvm,0,18072,9036,27108,4518,36.95,573.43,132.95,20.1156
577,kvm,0,20604,10302,30906,5151,32.51,563.19,155.63,20.1256
578,kvm,0,23482,11906,35388,5898,43.38,669.9,170.89,20.3105
579,kvm,0,26512,13256,39768,6628,49.81,786.82,181.62,20.2641
580,kvm,0,26494,13382,39876,6646,34.12,939.74,211.86,20.3501
581,kvm,0,7840,3920,11760,1960,29.72,400.69,102.23,20.079
582,kvm,0,13972,6986,20958,3493,33.64,414.35,115.22,20.1952
583,kvm,0,17260,8630,25890,4315,32.36,682.54,139.56,20.1698
584,kvm,0,21808,10904,32712,5452,31.48,537.58,147.64,20.2451
585,kvm,0,24596,12298,36894,6149,46.05,763.4,163.57,20.2615
586,kvm,0,26713,13523,40236,6706,39.26,653.79,179.99,20.2752
587,kvm,0,28264,14282,42546,7091,41.84,880.56,198.58,20.359
588,kvm,0,8292,4146,12438,2073,34.78,321.11,96.63,20.0718
589,kvm,0,14128,7064,21192,3532,38.64,447.37,113.41,20.1217
590,kvm,0,18440,9220,27660,4610,39.38,560.84,130.38,20.1102
591,kvm,0,20880,10440,31320,5220,35.95,810.16,153.67,20.1594
592,kvm,0,24376,12188,36564,6094,33.48,675.48,165.02,20.2592
593,kvm,0,25840,12920,38760,6460,40.34,851.92,186.94,20.3013
594,kvm,0,28788,14394,43182,7197,43.76,911.84,195.34,20.2939
595,kvm,0,8440,4220,12660,2110,34.47,337.36,94.94,20.1131
596,kvm,0,14504,7252,21756,3626,33.59,424.73,110.58,20.1146
597,kvm,0,18716,9358,28074,4679,26.64,550.05,128.78,20.1652
598,kvm,0,21440,10720,32160,5360,43.05,521.3,150.05,20.2366
599,kvm,0,23308,11654,34962,5827,31.1,654.16,172.5,20.2622
600,kvm,0,26192,13096,39288,6548,36.92,924.87,184.24,20.3019
601,kvm,0,28484,14242,42726,7121,48.68,824.96,197.92,20.3562
602,kvm,0,8248,4124,12372,2062,31.21,435.07,97.17,20.0807
603,kvm,0,13712,6856,20568,3428,25.98,466.05,116.81,20.0923
604,kvm,0,17689,9065,26754,4459,32.44,480.84,134.82,20.1272
605,kvm,0,21952,10976,32928,5488,26.75,581.02,146.06,20.1424
606,kvm,0,24262,12314,36576,6096,35.12,587.35,164.76,20.231
607,kvm,0,26584,13292,39876,6646,31.19,710.58,181.33,20.2697
608,kvm,0,27193,13739,40932,6822,49.85,824.44,206.03,20.3011
609,kvm,0,7916,3958,11874,1979,33.67,691.38,101.36,20.0936
610,kvm,0,14500,7250,21750,3625,35.44,443.23,110.53,20.0795
611,kvm,0,18752,9376,28128,4688,32.7,466.97,128.38,20.1794
612,kvm,0,21416,10708,32124,5354,38.94,584.87,149.96,20.1813
613,kvm,0,23696,11848,35544,5924,35.08,648.79,170.26,20.3667
614,kvm,0,25349,12835,38184,6364,44.29,1039.07,189.26,20.2593
615,kvm,0,28348,14630,42978,7163,46.8,1138.64,196.36,20.2945
616,kvm,0,8608,4304,12912,2152,26.62,274.61,93.08,20.108
617,kvm,0,13424,6712,20136,3356,30.91,407.9,119.62,20.1436
618,kvm,0,18416,9208,27624,4604,35.26,417.75,130.6,20.1544
619,kvm,0,20880,10440,31320,5220,41.61,485.79,154.05,20.2528
620,kvm,0,23504,11752,35256,5876,41.56,655.6,170.62,20.2136
621,kvm,0,26008,13004,39012,6502,40.73,1200.04,185.27,20.2795
622,kvm,0,26440,13220,39660,6610,48.3,846.93,212.46,20.2934
623,kvm,0,8228,4114,12342,2057,28.35,304.56,97.41,20.0968
624,kvm,0,14880,7440,22320,3720,32.85,385.88,107.75,20.0925
625,kvm,0,19196,9598,28794,4799,35.11,434.75,125.78,20.2326
626,kvm,0,21456,10728,32184,5364,40.22,640.13,149.83,20.1976
627,kvm,0,24536,12268,36804,6134,42.55,623.61,163.64,20.2548
628,kvm,0,26077,13205,39282,6547,36.47,682.61,184.03,20.2704
629,kvm,0,28804,14402,43206,7201,37.41,932.07,195.31,20.3447
630,docker,264230,0,52846,317076,26423,4.89,33.29,7.57,20.0211
631,docker,390130,0,78026,468156,39013,5.66,46.12,10.25,20.0526
632,docker,379910,0,75982,455892,37991,5.58,71.26,15.8,20.0852
633,docker,366850,0,73370,440220,36685,5.53,119.49,21.81,20.1273
634,docker,353010,0,70602,423612,35301,5.86,131.31,28.34,20.1651
635,docker,342030,0,68406,410436,34203,5.82,166.58,35.11,20.2188
636,docker,332480,0,66496,398976,33248,5.94,194.47,42.14,20.2509
637,docker,273640,0,54728,328368,27364,4.82,20.53,7.31,20.0206
638,docker,394310,0,78862,473172,39431,5.51,45.39,10.15,20.046
639,docker,383690,0,76738,460428,38369,5.67,109.76,15.64,20.0849
640,docker,368020,0,73604,441624,36802,5.54,103.83,21.75,20.1263
641,docker,354090,0,70818,424908,35409,5.75,144.43,28.26,20.1697
642,docker,343690,0,68738,412428,34369,5.87,156.78,34.94,20.2074
643,docker,333890,0,66778,400668,33389,5.93,185.22,41.96,20.2497
644,docker,291930,0,58386,350316,29193,4.79,19.09,6.85,20.021
645,docker,397230,0,79446,476676,39723,5.6,51.66,10.07,20.0507
646,docker,385740,0,77148,462888,38574,5.58,75.31,15.56,20.0878
647,docker,365850,0,73170,439020,36585,5.65,108.25,21.87,20.1262
648,docker,358130,0,71626,429756,35813,5.64,139.94,27.94,20.1738
649,docker,345370,0,69074,414444,34537,5.82,154.91,34.77,20.2166
650,docker,335030,0,67006,402036,33503,5.76,249.9,41.82,20.2511
651,docker,283010,0,56602,339612,28301,4.61,24.15,7.07,20.0211
652,docker,396920,0,79384,476304,39692,5.49,53.48,10.08,20.0475
653,docker,386320,0,77264,463584,38632,5.56,76.5,15.54,20.0824
654,docker,367400,0,73480,440880,36740,5.66,109.58,21.78,20.1183
655,docker,359050,0,71810,430860,35905,5.68,125.34,27.87,20.1651
656,docker,346570,0,69314,415884,34657,5.8,198.18,34.64,20.2055
657,docker,335770,0,67154,402924,33577,5.82,183.71,41.73,20.2557
658,docker,278330,0,55666,333996,27833,4.62,31.95,7.19,20.0216
659,docker,398540,0,79708,478248,39854,5.56,45.64,10.04,20.0469
660,docker,386390,0,77278,463668,38639,5.54,94.95,15.53,20.0816
661,docker,371710,0,74342,446052,37171,5.67,95.88,21.53,20.1244
662,docker,357110,0,71422,428532,35711,5.61,125.21,28.02,20.1753
663,docker,345090,0,69018,414108,34509,5.77,155.27,34.8,20.2088
664,docker,335920,0,67184,403104,33592,5.79,211.67,41.71,20.2511
665,docker,277030,0,55406,332436,27703,4.57,21.64,7.22,20.021
666,docker,397080,0,79416,476496,39708,5.35,56.54,10.07,20.0481
667,docker,385750,0,77150,462900,38575,5.56,98.3,15.56,20.086
668,docker,369720,0,73944,443664,36972,5.67,128.48,21.65,20.1179
669,docker,357730,0,71546,429276,35773,5.85,127.09,27.97,20.1617
670,docker,345350,0,69070,414420,34535,5.86,143.6,34.78,20.2035
671,docker,336790,0,67358,404148,33679,5.65,186.82,41.6,20.2546
672,docker,289220,0,57844,347064,28922,4.88,15.11,6.92,20.021
673,docker,395090,0,79018,474108,39509,5.48,48.04,10.13,20.0433
674,docker,387340,0,77468,464808,38734,5.64,73.47,15.49,20.0825
675,docker,371560,0,74312,445872,37156,5.63,99.42,21.54,20.1216
676,docker,358380,0,71676,430056,35838,5.77,150.27,27.92,20.166
677,docker,345270,0,69054,414324,34527,5.96,139.81,34.78,20.2096
678,docker,335850,0,67170,403020,33585,5.82,164.68,41.72,20.2501
679,docker,273420,0,54684,328104,27342,4.7,25.84,7.32,20.0245
680,docker,396770,0,79354,476124,39677,5.73,47.82,10.08,20.0518
681,docker,384220,0,76844,461064,38422,5.6,99.83,15.62,20.0796
682,docker,371380,0,74276,445656,37138,5.58,103.56,21.55,20.1212
683,docker,356750,0,71350,428100,35675,5.8,142.11,28.04,20.1595
684,docker,344620,0,68924,413544,34462,6.0,177.86,34.84,20.2085
685,docker,336150,0,67230,403380,33615,5.8,182.25,41.68,20.247
686,docker,277340,0,55468,332808,27734,4.82,24.48,7.21,20.0203
687,docker,395810,0,79162,474972,39581,5.37,51.63,10.11,20.0501
688,docker,386430,0,77286,463716,38643,5.65,72.33,15.53,20.0788
689,docker,371320,0,74264,445584,37132,5.65,103.49,21.55,20.1266
690,docker,358340,0,71668,430008,35834,5.86,134.85,27.92,20.1717
691,docker,345840,0,69168,415008,34584,5.73,169.21,34.72,20.2191
692,docker,335970,0,67194,403164,33597,5.76,173.9,41.7,20.2471
693,docker,279740,0,55948,335688,27974,4.66,19.96,7.15,20.0233
694,docker,398340,0,79668,478008,39834,5.7,43.99,10.04,20.0453
695,docker,385890,0,77178,463068,38589,5.7,74.14,15.55,20.0821
696,docker,371520,0,74304,445824,37152,5.79,125.48,21.54,20.1288
697,docker,358870,0,71774,430644,35887,5.68,119.75,27.88,20.1705
698,docker,346240,0,69248,415488,34624,5.96,164.28,34.68,20.2064
699,docker,335700,0,67140,402840,33570,5.88,159.96,41.74,20.2652
700,docker,31130,12452,6226,49808,3113,15.5,199.49,64.33,20.0512
701,docker,25350,10140,5070,40560,2535,14.4,666.46,158.32,20.1899
702,docker,25480,10192,5096,40768,2548,39.86,749.48,237.61,20.3715
703,docker,26480,10592,5296,42368,2648,44.63,1252.08,303.77,20.311
704,docker,31270,12508,6254,50032,3127,49.93,1158.72,322.39,20.2956
705,docker,39530,15743,7975,63248,3953,53.88,1175.96,306.14,20.3496
706,docker,45050,18020,9010,72080,4505,52.04,1437.68,312.66,20.3388
707,docker,13100,5240,2620,20960,1310,30.69,436.19,153.25,20.1131
708,docker,21540,8616,4308,34464,2154,38.16,575.19,186.48,20.1973
709,docker,27220,10888,5444,43552,2722,39.91,840.98,221.81,20.2733
710,docker,32560,13024,6512,52096,3256,36.27,733.84,246.79,20.2369
711,docker,39810,15924,7962,63696,3981,36.62,1079.29,252.44,20.2513
712,docker,46950,18780,9390,75120,4695,40.99,1115.85,257.17,20.3051
713,docker,55080,21952,11096,88128,5508,40.31,1188.97,255.01,20.3085
714,docker,13980,5592,2796,22368,1398,34.65,427.43,143.58,20.1059
715,docker,22920,9168,4584,36672,2292,20.54,508.84,174.98,20.1338
716,docker,28810,11524,5762,46096,2881,37.77,730.81,209.29,20.187
717,docker,36670,14572,7430,58672,3667,48.09,1106.84,219.29,20.2424
718,docker,47260,18904,9452,75616,4726,41.05,986.54,212.52,20.2439
719,docker,48440,19376,9688,77504,4844,43.51,1217.13,248.81,20.2616
720,docker,61270,24508,12254,98032,6127,45.54,1529.86,230.56,20.3881
721,docker,14400,5760,2880,23040,1440,33.62,400.08,139.29,20.1259
722,docker,23400,9360,4680,37440,2340,39.48,449.96,171.91,20.2201
723,docker,31380,12552,6276,50208,3138,25.27,676.22,192.24,20.2875
724,docker,37620,15048,7524,60192,3762,30.46,876.72,213.56,20.2076
725,docker,45170,18068,9034,72272,4517,42.52,2196.67,223.2,20.3541
726,docker,51670,20668,10334,82672,5167,53.67,846.31,233.51,20.3022
727,docker,59650,23860,11930,95440,5965,33.73,1291.06,236.17,20.3347
728,docker,14860,5944,2972,23776,1486,31.17,452.21,135.05,20.1368
729,docker,24020,9608,4804,38432,2402,39.13,488.05,166.9,20.135
730,docker,31150,12460,6230,49840,3115,37.25,576.99,193.59,20.1793
731,docker,38840,15536,7768,62144,3884,42.53,599.17,207.16,20.2589
732,docker,40500,16200,8100,64800,4050,35.9,805.36,247.6,20.2034
733,docker,53140,21256,10628,85024,5314,41.13,913.29,227.48,20.3155
734,docker,58440,23376,11688,93504,5844,48.61,964.72,240.68,20.3205
735,docker,7290,2916,1458,11664,729,33.53,130052.77,1925.83,140.427
736,docker,46540,18616,9308,74464,4654,19.99,222.61,86.15,20.0877
737,docker,30050,12020,6010,48080,3005,31.86,592.75,200.6,20.197
738,docker,37380,14952,7476,59808,3738,44.55,812.92,216.01,20.3371
739,docker,48400,19360,9680,77440,4840,36.06,848.88,207.28,20.2093
740,docker,53990,21596,10798,86384,5399,44.29,881.48,223.7,20.2934
741,docker,59600,23840,11920,95360,5960,47.97,1041.4,237.03,20.3681
742,docker,14670,5868,2934,23472,1467,33.44,393.85,136.65,20.1465
743,docker,24610,9844,4922,39376,2461,35.39,461.13,163.14,20.199
744,docker,30690,12276,6138,49104,3069,39.76,642.12,195.99,20.1238
745,docker,37630,15052,7526,60208,3763,44.21,582.86,213.51,20.1979
746,docker,46420,18474,9378,74272,4642,41.13,936.76,216.9,20.2992
747,docker,53580,21432,10716,85728,5358,45.86,852.81,224.75,20.2596
748,docker,59430,23772,11886,95088,5943,46.39,1013.84,236.62,20.301
749,docker,15270,6108,3054,24432,1527,31.96,378.57,131.41,20.1299
750,docker,23630,9452,4726,37808,2363,37.45,604.66,169.81,20.1793
751,docker,33090,13236,6618,52944,3309,44.41,673.48,182.25,20.2002
752,docker,38200,15280,7640,61120,3820,44.02,728.76,210.25,20.2395
753,docker,46640,18656,9328,74624,4664,44.95,774.94,215.47,20.2322
754,docker,51070,20335,10307,81712,5107,49.08,868.56,236.46,20.2993
755,docker,57500,23000,11500,92000,5750,38.95,1761.86,244.72,20.3283
756,docker,14600,5840,2920,23360,1460,34.94,360.03,137.4,20.1453
757,docker,24290,9716,4858,38864,2429,38.0,443.51,165.14,20.1326
758,docker,33420,13368,6684,53472,3342,32.71,562.13,180.03,20.1586
759,docker,37830,15132,7566,60528,3783,42.29,645.11,212.51,20.2199
760,docker,44360,17744,8872,70976,4436,41.12,860.56,226.37,20.2329
761,docker,51800,20720,10360,82880,5180,48.64,934.84,233.59,20.358
762,docker,58270,23308,11654,93232,5827,52.78,890.83,241.21,20.3136
763,docker,14760,5904,2952,23616,1476,30.78,374.27,136.01,20.1814
764,docker,24460,9784,4892,39136,2446,37.02,479.53,164.0,20.1307
765,docker,31490,12596,6298,50384,3149,44.96,681.64,191.33,20.2347
766,docker,37980,15192,7596,60768,3798,43.18,1421.54,211.36,20.1826
767,docker,44180,17672,8836,70688,4418,37.36,904.95,228.43,20.3356
768,docker,50050,20020,10010,80080,5005,37.02,956.39,241.22,20.2901
769,docker,59110,23644,11822,94576,5911,36.49,1111.62,237.76,20.2884
770,docker,0,11364,5682,17046,2841,23.0,215.28,70.6,20.1045
771,docker,0,18752,9724,28476,4746,20.73,315.27,84.55,20.2569
772,docker,0,22952,11476,34428,5738,26.88,461.26,104.79,20.1191
773,docker,0,27116,13558,40674,6779,26.79,1449.59,118.36,20.1611
774,docker,0,31001,15721,46722,7787,28.5,660.71,128.78,20.1971
775,docker,0,31820,15910,47730,7955,33.57,2668.62,151.36,20.2553
776,docker,0,34528,17264,51792,8632,37.88,1220.16,162.75,20.3092
777,docker,0,12192,6096,18288,3048,17.37,298.9,65.78,20.0813
778,docker,0,18733,9713,28446,4741,16.71,290.11,84.55,20.093
779,docker,0,24764,12382,37146,6191,25.88,334.94,97.26,20.1501
780,docker,0,27808,13904,41712,6952,26.44,483.38,115.71,20.2114
781,docker,0,31092,15546,46638,7773,25.77,1134.6,129.03,20.2082
782,docker,0,34219,17327,51546,8591,27.98,1293.91,141.01,20.5134
783,docker,0,34528,17264,51792,8632,27.74,1822.59,162.79,20.2819
784,docker,0,11288,5644,16932,2822,19.51,361.26,71.01,20.0726
785,docker,0,19228,9614,28842,4807,25.3,286.57,83.47,20.1161
786,docker,0,23144,11572,34716,5786,24.43,430.94,103.95,20.1367
787,docker,0,27952,13976,41928,6988,21.39,556.38,114.96,20.186
788,docker,0,30692,15346,46038,7673,31.87,756.92,130.67,20.1876
789,docker,0,33961,17183,51144,8524,28.24,1037.23,141.13,20.2331
790,docker,0,34016,17008,51024,8504,32.12,1133.4,165.29,20.3047
791,docker,0,11356,5678,17034,2839,20.45,494.99,70.62,20.0824
792,docker,0,19236,9972,29208,4868,17.33,319.73,82.27,20.0708
793,docker,0,24388,12194,36582,6097,19.45,478.75,98.69,20.1277
794,docker,0,27832,13916,41748,6958,27.49,533.59,115.61,20.2177
795,docker,0,32272,16136,48408,8068,25.35,551.2,124.08,20.1741
796,docker,0,34212,17106,51318,8553,26.36,725.15,140.59,20.2322
797,docker,0,35711,18043,53754,8959,34.27,784.42,157.07,20.3193
798,docker,0,11380,5690,17070,2845,20.65,253.2,70.49,20.0869
799,docker,0,20028,10014,30042,5007,25.36,290.7,80.1,20.0972
800,docker,0,23920,11960,35880,5980,23.3,399.47,100.73,20.1561
801,docker,0,28684,14342,43026,7171,23.51,427.33,111.89,20.1827
802,docker,0,32052,16026,48078,8013,25.0,535.48,125.17,20.187
803,docker,0,33808,16904,50712,8452,25.95,561.02,142.65,20.2709
804,docker,0,35906,18148,54054,9009,32.66,943.06,156.28,20.341
805,docker,0,11980,5990,17970,2995,18.39,293.24,66.89,20.0745
806,docker,0,19776,9888,29664,4944,19.89,325.64,81.14,20.1255
807,docker,0,25596,12798,38394,6399,24.47,374.84,94.08,20.14
808,docker,0,29185,14879,44064,7344,25.67,719.48,109.26,20.1626
809,docker,0,31660,15830,47490,7915,31.58,501.76,126.86,20.2296
810,docker,0,33488,16744,50232,8372,23.17,655.65,143.84,20.2487
811,docker,0,34860,17430,52290,8715,30.91,2121.21,161.3,20.2892
812,docker,0,11948,5974,17922,2987,17.37,217.25,67.08,20.1102
813,docker,0,20164,10082,30246,5041,22.07,327.08,79.54,20.1208
814,docker,0,24652,12326,36978,6163,24.78,483.94,97.81,20.1742
815,docker,0,28880,14440,43320,7220,25.81,531.69,111.36,20.2192
816,docker,0,32168,16084,48252,8042,30.93,585.25,124.61,20.1841
817,docker,0,34948,17474,52422,8737,26.69,806.65,137.98,20.2852
818,docker,0,35144,17572,52716,8786,29.16,993.17,159.93,20.2964
819,docker,0,12068,6034,18102,3017,17.4,355.41,66.37,20.0797
820,docker,0,20884,10442,31326,5221,12.61,292.91,76.82,20.1059
821,docker,0,24328,12164,36492,6082,22.97,600.25,99.03,20.1731
822,docker,0,28981,14753,43734,7289,23.53,412.38,110.09,20.1671
823,docker,0,29379,14919,44298,7383,20.02,577.59,135.95,20.2118
824,docker,0,33737,17287,51024,8504,32.11,573.23,141.84,20.2912
825,docker,0,35700,17850,53550,8925,35.74,1019.19,157.48,20.3079
826,docker,0,11752,5876,17628,2938,21.37,355.77,68.29,20.109
827,docker,0,19855,10301,30156,5026,24.83,241.15,79.81,20.1216
828,docker,0,24872,12436,37308,6218,23.02,344.21,96.76,20.133
829,docker,0,28108,14054,42162,7027,23.69,417.65,114.07,20.1483
830,docker,0,31608,15804,47412,7902,28.38,627.0,127.07,20.2268
831,docker,0,33284,16642,49926,8321,27.38,1005.21,144.78,20.3877
832,docker,0,32264,16132,48396,8066,32.67,1839.14,173.85,20.2532
833,docker,0,11896,5948,17844,2974,21.63,273.04,67.32,20.063
834,docker,0,20464,10232,30696,5116,17.84,343.73,78.31,20.0917
835,docker,0,25104,12552,37656,6276,20.57,429.39,95.66,20.0858
836,docker,0,30605,16453,47058,7843,23.28,586.93,102.22,20.1464
837,docker,0,31744,15872,47616,7936,25.35,770.88,126.71,20.2766
838,docker,0,34396,17198,51594,8599,28.64,1026.25,140.01,20.2459
839,docker,0,35510,17950,53460,8910,26.75,1340.81,157.47,20.2813
