,platform,concurrency,duration,completed_req,failed_req,bytes_transferred,req_per_sec,mean_time_per_req
0,metal,10,68.125,5000,0,5104563,73.39,136.25
1,metal,30,68.151,5000,0,5104562,73.37,408.908
2,metal,60,67.455,5000,0,5104547,74.12,809.455
3,metal,90,67.559,5000,0,5104545,74.01,1216.054
4,metal,120,67.455,5000,0,5104546,74.12,1618.916
5,metal,150,68.094,5000,0,5104541,73.43,2042.833
6,metal,180,68.021,5000,0,5104537,73.51,2448.774
7,metal,200,67.356,5000,0,5104566,74.23,2694.232
8,metal,10,67.322,5000,0,5104505,74.27,134.644
9,metal,30,67.565,5000,0,5104548,74.0,405.387
10,metal,60,67.635,5000,0,5104529,73.93,811.616
11,metal,90,67.913,5000,0,5104556,73.62,1222.438
12,metal,120,68.084,5000,0,5104520,73.44,1634.022
13,metal,150,67.744,5000,0,5104540,73.81,2032.334
14,metal,180,67.57,5000,0,5104542,74.0,2432.519
15,metal,200,67.729,5000,0,5104520,73.82,2709.171
16,metal,10,68.324,5000,0,5104510,73.18,136.647
17,metal,30,68.1,5000,0,5104558,73.42,408.602
18,metal,60,67.262,5000,0,5104560,74.34,807.141
19,metal,90,67.851,5000,0,5104490,73.69,1221.313
20,metal,120,67.615,5000,0,5104513,73.95,1622.768
21,metal,150,68.374,5000,0,5104561,73.13,2051.232
22,metal,180,67.861,5000,0,5104512,73.68,2442.993
23,metal,200,67.656,5000,0,5104533,73.9,2706.246
24,metal,10,67.448,5000,0,5104539,74.13,134.896
25,metal,30,67.466,5000,0,5104548,74.11,404.799
26,metal,60,68.019,5000,0,5104544,73.51,816.233
27,metal,90,68.29,5000,0,5104539,73.22,1229.214
28,metal,120,67.931,5000,0,5104538,73.6,1630.348
29,metal,150,67.637,5000,0,5104508,73.92,2029.104
30,metal,180,67.392,5000,0,5104562,74.19,2426.114
31,metal,200,68.235,5000,0,5104534,73.28,2729.407
32,metal,10,68.334,5000,0,5104530,73.17,136.669
33,metal,30,68.258,5000,0,5104557,73.25,409.551
34,metal,60,67.581,5000,0,5104547,73.99,810.968
35,metal,90,67.571,5000,0,5104534,74.0,1216.269
36,metal,120,67.892,5000,0,5104527,73.65,1629.408
37,metal,150,68.203,5000,0,5104533,73.31,2046.094
38,metal,180,68.279,5000,0,5104542,73.23,2458.05
39,metal,200,67.639,5000,0,5104539,73.92,2705.563
40,metal,10,67.437,5000,0,5104576,74.14,134.874
41,metal,30,67.913,5000,0,5104534,73.62,407.477
42,metal,60,71.612,5000,0,5104591,69.82,859.346
43,metal,90,67.516,5000,0,5104548,74.06,1215.297
44,metal,120,67.464,5000,0,5104521,74.11,1619.141
45,metal,150,67.557,5000,0,5104541,74.01,2026.701
46,metal,180,68.181,5000,0,5104513,73.33,2454.498
47,metal,200,68.346,5000,0,5104555,73.16,2733.846
48,metal,10,67.537,5000,0,5104554,74.03,135.075
49,metal,30,67.563,5000,0,5104551,74.0,405.38
50,metal,60,67.981,5000,0,5104553,73.55,815.771
51,metal,90,68.324,5000,0,5104558,73.18,1229.829
52,metal,120,68.428,5000,0,5104535,73.07,1642.269
53,metal,150,67.732,5000,0,5104536,73.82,2031.965
54,metal,180,67.66,5000,0,5104521,73.9,2435.771
55,metal,200,67.629,5000,0,5104578,73.93,2705.167
56,metal,10,68.313,5000,0,5104576,73.19,136.625
57,metal,30,68.368,5000,0,5104525,73.13,410.207
58,metal,60,67.5,5000,0,5104542,74.07,810.0
59,metal,90,67.542,5000,0,5104517,74.03,1215.761
60,metal,120,67.751,5000,0,5104555,73.8,1626.029
61,metal,150,68.4,5000,0,5104486,73.1,2051.997
62,metal,180,68.581,5000,0,5104554,72.91,2468.907
63,metal,200,67.626,5000,0,5104545,73.94,2705.048
64,metal,10,67.766,5000,0,5104520,73.78,135.532
65,metal,30,69.122,5000,0,5104542,72.34,414.729
66,metal,60,68.048,5000,0,5104545,73.48,816.574
67,metal,90,68.144,5000,0,5104556,73.37,1226.599
68,metal,120,67.381,5000,0,5104532,74.21,1617.135
69,metal,150,67.57,5000,0,5104507,74.0,2027.095
70,metal,180,67.717,5000,0,5104508,73.84,2437.794
71,metal,200,68.114,5000,0,5104553,73.41,2724.542
72,metal,10,68.117,5000,0,5104544,73.4,136.234
73,metal,30,67.343,5000,0,5104536,74.25,404.058
74,metal,60,67.127,5000,0,5104549,74.49,805.524
75,metal,90,67.37,5000,0,5104526,74.22,1212.665
76,metal,120,67.776,5000,0,5104542,73.77,1626.621
77,metal,150,68.053,5000,0,5104512,73.47,2041.598
78,metal,180,68.006,5000,0,5104567,73.52,2448.211
79,metal,200,67.391,5000,0,5104513,74.19,2695.64
80,kvm,10,130.237,5000,0,5104533,38.39,260.475
81,kvm,30,128.747,5000,0,5104565,38.84,772.48
82,kvm,60,123.536,5000,0,5104536,40.47,1482.428
83,kvm,90,104.74,5000,0,5104531,47.74,1885.326
84,kvm,120,103.77,5000,0,5104529,48.18,2490.483
85,kvm,150,102.559,5000,0,5104560,48.75,3076.763
86,kvm,180,106.012,5000,0,5104519,47.16,3816.429
87,kvm,200,100.536,5000,0,5104549,49.73,4021.422
88,kvm,10,105.327,5000,0,5104543,47.47,210.655
89,kvm,30,113.058,5000,0,5104520,44.23,678.349
90,kvm,60,110.444,5000,0,5104582,45.27,1325.323
91,kvm,90,110.163,5000,0,5104537,45.39,1982.937
92,kvm,120,105.317,5000,0,5104525,47.48,2527.608
93,kvm,150,102.699,5000,0,5104537,48.69,3080.975
94,kvm,180,119.05,5000,3,5108830,42.0,4285.792
95,kvm,200,104.136,5000,0,5104538,48.01,4165.431
96,kvm,10,105.164,5000,0,5104534,47.54,210.328
97,kvm,30,101.437,5000,0,5104513,49.29,608.623
98,kvm,60,102.503,5000,0,5104539,48.78,1230.038
99,kvm,90,101.843,5000,0,5104529,49.09,1833.182
100,kvm,120,107.422,5000,0,5104534,46.55,2578.126
101,kvm,150,105.997,5000,0,5104523,47.17,3179.897
102,kvm,180,103.795,5000,0,5104545,48.17,3736.637
103,kvm,200,101.607,5000,0,5104552,49.21,4064.272
104,kvm,10,102.986,5000,0,5104492,48.55,205.973
105,kvm,30,103.52,5000,0,5104527,48.3,621.121
106,kvm,60,102.071,5000,0,5104529,48.99,1224.854
107,kvm,90,104.591,5000,0,5104535,47.81,1882.642
108,kvm,120,104.88,5000,0,5104526,47.67,2517.124
109,kvm,150,103.665,5000,0,5104499,48.23,3109.945
110,kvm,180,103.403,5000,0,5104523,48.35,3722.523
111,kvm,200,102.89,5000,0,5104572,48.6,4115.614
112,kvm,10,106.781,5000,0,5104613,46.82,213.562
113,kvm,30,102.957,5000,0,5104506,48.56,617.743
114,kvm,60,103.194,5000,0,5104558,48.45,1238.328
115,kvm,90,102.665,5000,0,5104558,48.7,1847.97
116,kvm,120,101.422,5000,0,5104513,49.3,2434.14
117,kvm,150,103.065,5000,0,5104483,48.51,3091.936
118,kvm,180,102.709,5000,0,5104557,48.68,3697.533
119,kvm,200,102.495,5000,0,5104522,48.78,4099.81
120,kvm,10,101.926,5000,0,5104504,49.06,203.852
121,kvm,30,100.623,5000,0,5104544,49.69,603.741
122,kvm,60,100.526,5000,0,5104510,49.74,1206.313
123,kvm,90,104.049,5000,0,5104531,48.05,1872.888
124,kvm,120,101.343,5000,0,5104575,49.34,2432.23
125,kvm,150,101.779,5000,0,5104550,49.13,3053.362
126,kvm,180,100.398,5000,0,5104529,49.8,3614.322
127,kvm,200,100.51,5000,0,5104567,49.75,4020.412
128,kvm,10,103.688,5000,0,5104526,48.22,207.375
129,kvm,30,103.947,5000,0,5104544,48.1,623.682
130,kvm,60,101.711,5000,0,5104536,49.16,1220.528
131,kvm,90,104.683,5000,0,5104538,47.76,1884.294
132,kvm,120,100.741,5000,0,5104560,49.63,2417.783
133,kvm,150,101.046,5000,0,5104517,49.48,3031.386
134,kvm,180,101.237,5000,0,5104564,49.39,3644.534
135,kvm,200,103.311,5000,0,5104533,48.4,4132.438
136,kvm,10,101.88,5000,0,5104526,49.08,203.761
137,kvm,30,101.512,5000,0,5104526,49.26,609.073
138,kvm,60,101.304,5000,0,5104541,49.36,1215.643
139,kvm,90,102.71,5000,0,5104517,48.68,1848.777
140,kvm,120,101.223,5000,0,5104564,49.4,2429.356
141,kvm,150,100.989,5000,0,5104523,49.51,3029.679
142,kvm,180,103.434,5000,0,5104550,48.34,3723.633
143,kvm,200,102.971,5000,0,5104521,48.56,4118.831
144,kvm,10,101.102,5000,0,5104502,49.45,202.205
145,kvm,30,100.205,5000,0,5104537,49.9,601.229
146,kvm,60,103.366,5000,0,5104537,48.37,1240.394
147,kvm,90,101.029,5000,0,5104544,49.49,1818.518
148,kvm,120,99.432,5000,0,5104532,50.29,2386.357
149,kvm,150,102.777,5000,0,5104540,48.65,3083.298
150,kvm,180,123.315,5000,0,5104528,40.55,4439.33
151,kvm,200,101.415,5000,0,5104551,49.3,4056.599
152,kvm,10,101.376,5000,0,5104508,49.32,202.752
153,kvm,30,100.871,5000,0,5104506,49.57,605.224
154,kvm,60,100.238,5000,0,5104554,49.88,1202.859
155,kvm,90,105.046,5000,0,5104544,47.6,1890.833
156,kvm,120,102.788,5000,0,5104538,48.64,2466.922
157,kvm,150,102.53,5000,0,5104575,48.77,3075.902
158,kvm,180,101.786,5000,0,5104527,49.12,3664.286
159,kvm,200,105.47,5000,0,5104511,47.41,4218.808
160,docker,10,88.474,5000,0,5179531,56.51,176.948
161,docker,30,81.561,5000,0,5179562,61.3,489.364
162,docker,60,86.018,5000,0,5179586,58.13,1032.215
163,docker,90,74.192,5000,0,5179538,67.39,1335.451
164,docker,120,69.693,5000,0,5179546,71.74,1672.622
165,docker,150,69.636,5000,0,5179525,71.8,2089.078
166,docker,180,78.878,5000,0,5179541,63.39,2839.62
167,docker,200,74.729,5000,0,5179539,66.91,2989.142
168,docker,10,69.867,5000,0,5179543,71.57,139.733
169,docker,30,74.99,5000,0,5179508,66.68,449.937
170,docker,60,69.362,5000,0,5179519,72.09,832.338
171,docker,90,75.351,5000,0,5179526,66.36,1356.318
172,docker,120,80.047,5000,0,5179523,62.46,1921.126
173,docker,150,69.816,5000,0,5179528,71.62,2094.467
174,docker,180,69.624,5000,0,5179548,71.81,2506.454
175,docker,200,70.276,5000,0,5179569,71.15,2811.052
176,docker,10,70.138,5000,0,5179566,71.29,140.276
177,docker,30,76.049,5000,0,5179511,65.75,456.294
178,docker,60,73.192,5000,0,5179546,68.31,878.308
179,docker,90,70.089,5000,0,5179517,71.34,1261.596
180,docker,120,70.003,5000,0,5179510,71.43,1680.069
181,docker,150,72.71,5000,0,5179564,68.77,2181.313
182,docker,180,75.79,5000,0,5179535,65.97,2728.427
183,docker,200,73.943,5000,0,5179518,67.62,2957.731
184,docker,10,69.999,5000,0,5179506,71.43,139.997
185,docker,30,75.137,5000,0,5179587,66.54,450.823
186,docker,60,69.651,5000,0,5179475,71.79,835.816
187,docker,90,75.895,5000,0,5179569,65.88,1366.113
188,docker,120,72.754,5000,0,5179550,68.72,1746.093
189,docker,150,73.666,5000,0,5179567,67.87,2209.985
190,docker,180,69.966,5000,0,5179518,71.46,2518.775
191,docker,200,74.184,5000,0,5179541,67.4,2967.363
192,docker,10,75.112,5000,0,5179544,66.57,150.224
193,docker,30,78.528,5000,0,5179537,63.67,471.167
194,docker,60,70.222,5000,0,5179547,71.2,842.667
195,docker,90,69.461,5000,0,5179533,71.98,1250.304
196,docker,120,75.569,5000,0,5179514,66.16,1813.659
197,docker,150,69.332,5000,0,5179536,72.12,2079.968
198,docker,180,75.956,5000,0,5179529,65.83,2734.409
199,docker,200,69.744,5000,0,5179532,71.69,2789.754
200,docker,10,69.95,5000,0,5179513,71.48,139.901
201,docker,30,69.829,5000,0,5179557,71.6,418.972
202,docker,60,70.666,5000,0,5179545,70.76,847.989
203,docker,90,78.045,5000,0,5179548,64.07,1404.815
204,docker,120,73.826,5000,0,5179536,67.73,1771.825
205,docker,150,69.731,5000,0,5179532,71.7,2091.924
206,docker,180,69.741,5000,0,5179572,71.69,2510.685
207,docker,200,73.604,5000,0,5179541,67.93,2944.169
208,docker,10,70.712,5000,0,5179555,70.71,141.423
209,docker,30,74.622,5000,0,5179549,67.0,447.732
210,docker,60,74.54,5000,0,5179522,67.08,894.486
211,docker,90,69.549,5000,0,5179523,71.89,1251.873
212,docker,120,70.222,5000,0,5179555,71.2,1685.324
213,docker,150,69.554,5000,0,5179544,71.89,2086.626
214,docker,180,73.065,5000,0,5179530,68.43,2630.328
215,docker,200,73.958,5000,0,5179557,67.61,2958.319
216,docker,10,69.884,5000,0,5179508,71.55,139.767
217,docker,30,70.062,5000,0,5179541,71.37,420.374
218,docker,60,70.013,5000,0,5179542,71.42,840.154
219,docker,90,70.737,5000,0,5179528,70.68,1273.26
220,docker,120,74.304,5000,0,5179573,67.29,1783.306
221,docker,150,74.995,5000,0,5179536,66.67,2249.854
222,docker,180,69.611,5000,0,5179540,71.83,2506.01
223,docker,200,69.25,5000,0,5179553,72.2,2769.982
224,docker,10,69.754,5000,0,5179570,71.68,139.508
225,docker,30,70.848,5000,0,5179560,70.57,425.086
226,docker,60,77.684,5000,0,5179542,64.36,932.206
227,docker,90,74.426,5000,0,5179567,67.18,1339.67
228,docker,120,69.667,5000,0,5179523,71.77,1672.0
229,docker,150,70.359,5000,0,5179548,71.06,2110.782
230,docker,180,75.44,5000,0,5179560,66.28,2715.855
231,docker,200,72.661,5000,0,5179513,68.81,2906.435
232,docker,10,69.931,5000,0,5179543,71.5,139.862
233,docker,30,69.734,5000,0,5179565,71.7,418.405
234,docker,60,70.6,5000,0,5179509,70.82,847.197
235,docker,90,73.922,5000,0,5179541,67.64,1330.593
236,docker,120,74.016,5000,0,5179508,67.55,1776.373
237,docker,150,69.195,5000,0,5179545,72.26,2075.846
238,docker,180,69.35,5000,0,5179560,72.1,2496.615
239,docker,200,69.89,5000,0,5179530,71.54,2795.613
240,firecracker,10,162.529,5000,0,5179510,30.76,325.059
241,firecracker,30,113.887,5000,0,5179564,43.9,683.325
242,firecracker,60,110.687,5000,0,5179542,45.17,1328.243
243,firecracker,90,107.732,5000,0,5179542,46.41,1939.168
244,firecracker,120,106.315,5000,0,5179551,47.03,2551.564
245,firecracker,150,106.228,5000,0,5179561,47.07,3186.842
246,firecracker,180,107.002,5000,0,5179537,46.73,3852.074
247,firecracker,200,108.355,5000,0,5179562,46.14,4334.193
248,firecracker,10,109.618,5000,0,5179545,45.61,219.236
249,firecracker,30,107.887,5000,0,5179492,46.34,647.32
250,firecracker,60,107.227,5000,0,5179547,46.63,1286.729
251,firecracker,90,106.191,5000,0,5179533,47.08,1911.444
252,firecracker,120,108.079,5000,0,5179569,46.26,2593.908
253,firecracker,150,106.425,5000,0,5179533,46.98,3192.746
254,firecracker,180,105.502,5000,0,5179558,47.39,3798.071
255,firecracker,200,106.38,5000,0,5179546,47.0,4255.2
256,firecracker,10,106.279,5000,0,5179540,47.05,212.559
257,firecracker,30,106.707,5000,0,5179523,46.86,640.244
258,firecracker,60,106.605,5000,0,5179561,46.9,1279.258
259,firecracker,90,105.814,5000,0,5179530,47.25,1904.648
260,firecracker,120,108.78,5000,0,5179540,45.96,2610.732
261,firecracker,150,114.515,5000,0,5179569,43.66,3435.448
262,firecracker,180,106.764,5000,0,5179542,46.83,3843.495
263,firecracker,200,105.992,5000,0,5179543,47.17,4239.697
264,firecracker,10,107.972,5000,0,5179524,46.31,215.944
265,firecracker,30,107.85,5000,0,5179569,46.36,647.1
266,firecracker,60,105.766,5000,0,5179513,47.27,1269.196
267,firecracker,90,107.431,5000,0,5179526,46.54,1933.755
268,firecracker,120,107.841,5000,1,5179538,46.36,2588.185
269,firecracker,150,108.221,5000,1,5179537,46.2,3246.637
270,firecracker,180,106.593,5000,0,5179514,46.91,3837.346
271,firecracker,200,106.052,5000,0,5179524,47.15,4242.098
272,firecracker,10,108.231,5000,0,5179516,46.2,216.462
273,firecracker,30,105.589,5000,0,5179535,47.35,633.533
274,firecracker,60,107.517,5000,0,5179560,46.5,1290.21
275,firecracker,90,107.248,5000,0,5179517,46.62,1930.458
276,firecracker,120,106.022,5000,0,5179501,47.16,2544.524
277,firecracker,150,106.846,5000,0,5179545,46.8,3205.384
278,firecracker,180,106.899,5000,0,5179567,46.77,3848.374
279,firecracker,200,105.4,5000,0,5179535,47.44,4216.012
280,firecracker,10,107.382,5000,0,5179517,46.56,214.765
281,firecracker,30,106.316,5000,0,5179572,47.03,637.897
282,firecracker,60,107.699,5000,0,5179552,46.43,1292.383
283,firecracker,90,107.932,5000,0,5179569,46.33,1942.773
284,firecracker,120,106.608,5000,0,5179536,46.9,2558.594
285,firecracker,150,106.576,5000,0,5179562,46.92,3197.27
286,firecracker,180,107.978,5000,0,5179561,46.31,3887.217
287,firecracker,200,107.434,5000,0,5179517,46.54,4297.379
288,firecracker,10,107.421,5000,0,5179534,46.55,214.843
289,firecracker,30,108.389,5000,0,5179569,46.13,650.336
290,firecracker,60,108.434,5000,0,5179548,46.11,1301.209
291,firecracker,90,107.333,5000,0,5179559,46.58,1931.998
292,firecracker,120,107.471,5000,0,5179568,46.52,2579.298
293,firecracker,150,107.682,5000,0,5179556,46.43,3230.459
294,firecracker,180,107.101,5000,0,5179540,46.69,3855.619
295,firecracker,200,108.166,5000,0,5179546,46.23,4326.631
296,firecracker,10,109.607,5000,0,5179560,45.62,219.214
297,firecracker,30,110.449,5000,0,5179504,45.27,662.693
298,firecracker,60,108.101,5000,0,5179521,46.25,1297.214
299,firecracker,90,108.521,5000,0,5179527,46.07,1953.38
300,firecracker,120,109.061,5000,0,5179568,45.85,2617.468
301,firecracker,150,107.098,5000,0,5179559,46.69,3212.931
302,firecracker,180,107.865,5000,0,5179537,46.35,3883.136
303,firecracker,200,107.967,5000,0,5179517,46.31,4318.665
304,firecracker,10,109.128,5000,0,5179530,45.82,218.255
305,firecracker,30,107.731,5000,0,5179574,46.41,646.386
306,firecracker,60,107.191,5000,0,5179534,46.65,1286.296
307,firecracker,90,108.662,5000,0,5179541,46.01,1955.911
308,firecracker,120,108.92,5000,0,5179530,45.91,2614.073
309,firecracker,150,105.502,5000,0,5179506,47.39,3165.049
310,firecracker,180,106.675,5000,0,5179544,46.87,3840.296
311,firecracker,200,108.328,5000,0,5179565,46.16,4333.112
312,firecracker,10,107.549,5000,0,5179515,46.49,215.099
313,firecracker,30,110.583,5000,0,5179556,45.22,663.496
314,firecracker,60,109.956,5000,0,5179542,45.47,1319.476
315,firecracker,90,107.293,5000,0,5179534,46.6,1931.275
316,firecracker,120,110.805,5000,0,5179543,45.12,2659.326
317,firecracker,150,108.075,5000,0,5179537,46.26,3242.26
318,firecracker,180,109.676,5000,0,5179544,45.59,3948.331
319,firecracker,200,108.228,5000,0,5179559,46.2,4329.102
